Asins,Locale
B00C0X4WOA,IT
B01N4X12AI,IT
B00MA1ZVPG,IT
B0044S41RC,IT
B01GE8SZLW,IT
B01MRXPV9V,IT
B079Y5NHM7,IT
B079Y8D51C,IT
B002LYAH42,IT
B002EIU65U,IT
B0026LHZWC,IT
B00E1MNK96,IT
B079Y5NDXW,IT
B01JZ94RGE,IT
B01M04NN2T,IT
B01M04CLWV,IT
B01M16PNJF,IT
B01M0TYPUR,IT
B01LXXNFPI,IT
B01M0V3Y30,IT
B01M0U092Y,IT
B01LZJ162C,IT
B01LZH676J,IT
B01LZ8CUN2,IT
B01LZ78QE0,IT
B01LZ5ECAK,IT
B01JZ96OSI,IT
B01JZ8SBO4,IT
B01JZ8RG36,IT
B00VXDO4P0,IT
B00S9HQ4CE,IT
B01HIJ6626,IT
B00464CHKW,IT
B01DDB4ZG2,IT
B01DDB4V5C,IT
B01DDB4VPM,IT
B01INMCK86,IT
B01INMCJWS,IT
B01INMCJO6,IT
B01INMCJNC,IT
B01INMCJD2,IT
B01INMCJB4,IT
B018M6YLZ8,IT
B018M6YJ2S,IT
B018M6YOSW,IT
B079HDL8FG,IT
