ASIN,Locale
B07CDFX8WT,IT
B073H7VCXV,IT
B07BT8J27V,IT
B07C9V61PH,IT
B073H7VD6B,IT
B01N0D7WVY,IT
B07BTLSHFK,IT
B011KZZ48G,IT
B07BT9BTD8,IT
B07C9V7XJQ,IT
B07BTMVLBL,IT
B07BTLJ8GG,IT
B07BTLSZ51,IT
B011KZZ2QU,IT
B01HZI47T4,IT
B07BTMW5ST,IT
B07BTMS74S,IT
B07CDFTDK7,IT
B07BTLSZ2Y,IT
B01M61ZM9W,IT
B07BTP8QWX,IT
B07BTP8QYK,IT
B01N1EOU4L,IT
B01N4E9HAT,IT
B01J3LPDI0,IT
B07BTMVRYS,IT
B07BTMW7MC,IT
B07C9VBJ4W,IT
B07C9V9X6W,IT
B07CDFX5Y9,IT
B07BT9BDLP,IT
B07BTPC2LM,IT
B01N9HW58F,IT
B07CDFWW8B,IT
B07BTN56X6,IT
B07BTLT2X7,IT
B07BT9BK89,IT
B07CDFDBX3,IT
B07BTMW1SG,IT
B07BTLSXGW,IT
B07BTLHM1C,IT
B07BTMW5RS,IT
B07BTLSZ3F,IT
B01M7NLV4B,IT
B07BTM7LQW,IT
B07BT9BSMQ,IT
B07BTLRQ3L,IT
B07BTMW3W6,IT
B07BTLD8MS,IT
B07CDFN12N,IT
B07BTMS738,IT
B07C9V6TP2,IT
B07D2JCRSJ,IT
B07D2JCRSK,IT
B07BT8J5VN,IT
B07BTN5DR9,IT
B07BTLHV3C,IT
B07BTP9VKV,IT
B07BTMW3TS,IT
B07BTMS779,IT
B07BTPB1MK,IT
B07BK3XY7J,IT
B07BTMW7MZ,IT
B07BTP9VLP,IT
B07BTLJ124,IT
B07BSXG1BM,IT
B07BTMW3WT,IT
B01J3LP7RC,IT
B006PGKWDS,IT
B01HZI6PU8,IT
B07CDFX5YH,IT
B01HZI6LTS,IT
B07BTLT5R4,IT
B07BT9BDK4,IT
B01HZI8BOG,IT
B01HZI52TI,IT
B07BT9BGPV,IT
B01HZIEOOM,IT
B07BT9BWX2,IT
B01HZI3M2C,IT
B01N409RU3,IT
B072DV13KB,IT
B07BT9BTD6,IT
B071DMN9TT,IT
B07114FR37,IT
B06XNPTV31,IT
B01M98Y6JT,IT
B01N1SMILQ,IT
B01N5FOTAY,IT
B07BTPCT1N,IT
B07BTLGWC1,IT
B01M22IFUQ,IT
B01MQDZI0R,IT
B07BTLSZ1J,IT
B07BTLT4X6,IT
B01M599OYD,IT
B07BT9BDL2,IT
B073DHKJHL,IT
B073DJ8W1T,IT
B073DKMBB7,IT
B07C9V9X7B,IT
B07BTPC2FW,IT
B07BT9BDKQ,IT
B07BTLGW93,IT
B07BT9BGSD,IT
B0718WDGV9,IT
B07169T6MZ,IT
B07BT9BGQ6,IT
B07BTPC2DR,IT
B011KWUJMK,IT
B07BTLT5RX,IT
B07114F2TG,IT
B01MAUJ7QJ,IT
B07BTMVL5P,IT
B073H8B8D3,IT
B07CZKJCRB,IT
B07BT9BKBS,IT
B07CDFWW6B,IT
B071KT17MF,IT
B07BTMW8PF,IT
B073H33NL2,IT
B073HBMHY3,IT
B07BTP8QTR,IT
B07BT9BKC4,IT
B07169TDVL,IT
B07BTMW1RB,IT
B07169TK5Q,IT
B07BTPCT2F,IT
B07C9V9CPK,IT
B072B8HTQD,IT
B00EU71SFA,IT
B07BTLGW8L,IT
B07BTPCP5M,IT
B07BTMW1RQ,IT
B07BTMS74K,IT
B07CDFX8XC,IT
B0775Q5VTQ,IT
B071H76T8C,IT
B00DUGXZV2,IT
B07BTMS78K,IT
B07CZLW6LM,IT
B071H76S2W,IT
B07BT9BDJM,IT
B07BTPC2DC,IT
B07BTMW7HG,IT
B07C9V9X8B,IT
B07BTPCSYP,IT
B07BTLSXKW,IT
B07BTMS796,IT
B07114DJQ9,IT
B07CDFX5YZ,IT
B07BT9BGPG,IT
B07C9V7CNT,IT
B07BTPCN3F,IT
B072HFQJ28,IT
B071YLSSDH,IT
B07CDFMNC3,IT
B01MRJTYLG,IT
B072B8HN4N,IT
B07252WJDF,IT
B07C9VBJ3C,IT
B071DMN9TD,IT
B01MA1QTOP,IT
B072L1L8WV,IT
B07BTP9VJJ,IT
B01M7NLT9P,IT
B07BTLHM2T,IT
B07BTLSZ4Z,IT
B0775ZFPBR,IT
B071RKQ6D9,IT
B07BTMW1SF,IT
B07BTP8Z3X,IT
B07BT9BK7F,IT
B01HZJU85U,IT
B006QHW4Y6,IT
B075VV6GVL,IT
B072DTZM1C,IT
B07C9VBJ7C,IT
B07BTPD169,IT
B071YLSQDN,IT
B07BTLSZ29,IT
B01HZHXMZK,IT
B01HZHW666,IT
B078WF42Z9,IT
B07BTMW7M3,IT
B07BTMW5PX,IT
B078WCJN21,IT
B07BT9BWVS,IT
B07BTN56XD,IT
B01NAJHOIJ,IT
B07CDFWWBG,IT
B07BTMW8MR,IT
B078WD7W6K,IT
B07C9TXH8C,IT
B07BTLS9BL,IT
B07C9V7XHG,IT
B07BTP9VNK,IT
B07BTLGWC6,IT
B07BTLS99R,IT
B07BTMW6HG,IT
B07BTLT4XC,IT
B01LWK5C9C,IT
B072KSGDMY,IT
B01LY5N6XD,IT
B01M1EWU4K,IT
B01M1K61RJ,IT
B01M0YD0NT,IT
B01M1LPY39,IT
B01LZXQTV5,IT
B01M0YD0NZ,IT
B01LWQ01W5,IT
B01LZ4W39H,IT
B01LYOBZUR,IT
B01M19Y9BZ,IT
B01M98WQ14,IT
B06W2JMMP2,IT
B01M0FT8XM,IT
B01LZM12FA,IT
B01M0MIZUV,IT
B071XJ95X7,IT
B072KSKSYM,IT
B01M1LOV2V,IT
B01LZZ7NUW,IT
B01M0L3P8T,IT
B01M0L304W,IT
B01LYZZOOQ,IT
B01LXNOQM8,IT
B01LYMX4MG,IT
B01LZ5UI12,IT
B01N9HLG8E,IT
B01M13773Z,IT
B01M0GR43D,IT
B01LX7LDZQ,IT
B01LZILNXQ,IT
B01LYT8QUH,IT
B01LD5D2CI,IT
B01LD5CF4E,IT
B01LWUXTM3,IT
B073Q5C567,IT
B077TXWL5C,IT
B071KL4SJH,IT
B01LZSHVJ6,IT
B07774V9JW,IT
B072KS7KC6,IT
B01LY6PV95,IT
B01LZ5UC7Q,IT
B01LWK5BNB,IT
B01LD5D4OY,IT
B01M19MZSF,IT
B01LYOBZ0L,IT
B01LXIEXO4,IT
B01LXJC5TI,IT
B01M1K44X7,IT
B072ND59FJ,IT
B01M13A8RR,IT
B01LX6NTNR,IT
B01M1F0Q2R,IT
B01LWJ8JRW,IT
B01M0FU8WN,IT
B071KL57JK,IT
B071GZ4Z71,IT
B01LZA638H,IT
B01LYB2891,IT
B01LY5TOT0,IT
B01LXU4W9U,IT
B01LXIF8TJ,IT
B01LZGNYPF,IT
B01LY5TXPH,IT
B01LWJ8WA0,IT
B01M13AFB2,IT
B01LX7L3VR,IT
B01LXV1RL4,IT
B01M1ECNH9,IT
B01LZTE1NW,IT
B01LXIFB25,IT
B01M1LPOM6,IT
B01M1VDLC9,IT
B01LXBZKE5,IT