time,keyword
"2018-07-13 17:29:01",keyword
"2018-07-13 17:29:01","capsule caffè"
"2018-07-13 17:29:01","caffè lavazza"
"2018-07-13 17:29:01","caffè macinato"
"2018-07-13 17:29:01",lavazza
"2018-07-13 17:29:01","caffè in grani"
"2018-07-13 17:29:01",caffè
"2018-07-13 17:29:01","caffè espresso"
"2018-07-13 17:29:01","cialde lavazza"
"2018-07-13 17:29:01","capsule caffè italy"
"2018-07-13 17:29:01",espresso
"2018-07-13 17:29:01",nespresso
"2018-07-13 17:29:01","cialde nespresso"
"2018-07-13 17:29:01","nespresso capsule"
"2018-07-13 17:29:01","a modo mio"
"2018-07-13 17:29:01","lavazza a modo mio"
"2018-07-13 17:29:01","capsule a modo mio"
"2018-07-13 17:29:01","capsule lavazza a modo mio"
"2018-07-13 17:29:01","cialde lavazza a modo mio"
"2018-07-13 17:29:01",cialde
"2018-07-13 17:29:01","capsule espresso"
"2018-07-13 17:29:01","caffè nespresso"
"2018-07-13 17:29:01","capsule compatibili nespresso"
"2018-07-13 17:29:01","cialde compatibili nespresso"
"2018-07-13 17:29:01","capsule compatibili lavazza a modo mio"
"2018-07-13 17:29:01","caffè borbone"
"2018-07-13 17:29:01","caffè cialde"
"2018-07-13 17:29:01","cialde borbone"
"2018-07-13 17:29:01","cialde caffè"
"2018-07-13 17:29:01","cialde caffè borbone"
"2018-07-13 17:29:01","capsule caffè borbone"
"2018-07-13 17:29:01",Bertolli
"2018-07-13 17:29:01",monini
"2018-07-13 17:29:01","olio d oliva extravergine"
"2018-07-13 17:29:01","olio extravergine"
"2018-07-13 17:29:01","olio extravergine d'oliva"
"2018-07-13 17:29:01","olio extravergine di oliva"
"2018-07-13 17:29:01","olio extravergine di oliva italiano"
"2018-07-13 17:29:01","Olio monini"
"2018-07-13 17:29:01","olio oliva"
"2018-07-13 17:29:01",Keywords
"2018-07-13 17:29:01","olio extravergine di oliva"
"2018-07-13 17:29:01","olio extravergine"
"2018-07-13 17:29:01","olio extravergine di oliva italiano"
"2018-07-13 17:29:01","olio oliva"
"2018-07-13 17:29:01","olio extravergine d'oliva"
"2018-07-13 17:29:01",monini
"2018-07-13 17:29:01","Olio monini"
"2018-07-13 17:29:01","olio d oliva extravergine"
"2018-07-13 17:29:01",Bertolli
"2018-07-13 17:29:01",keywords
"2018-07-13 17:29:01",pane
"2018-07-13 17:29:01",farro
"2018-07-13 17:29:01",mais
"2018-07-13 17:29:01",kamut
"2018-07-13 17:29:01",crostini
"2018-07-13 17:29:01",taralli
"2018-07-13 17:29:01",grissini
"2018-07-13 17:29:01","fette biscottate"
"2018-07-13 17:29:01",gallette
"2018-07-13 17:29:01","fette biscottate mulino bianco"
"2018-07-13 17:29:01","crostini buitoni"
"2018-07-13 17:29:01","grissini torinesi"
"2018-07-13 17:29:01","fette biscottate gentilini"
"2018-07-13 17:29:01","grissini integrali"
"2018-07-13 17:29:01",pasta
"2018-07-13 17:29:01",barilla
"2018-07-13 17:29:01",spaghetti
"2018-07-13 17:29:01",glutine
"2018-07-13 17:29:01",tagliatelle
"2018-07-13 17:29:01",ricotta
"2018-07-13 17:29:01",trofie
"2018-07-13 17:29:01","senza glutine"
"2018-07-13 17:29:01",integrale
"2018-07-13 17:29:01",cannolicchi
"2018-07-13 17:29:01","pasta integrale"
"2018-07-13 17:29:01",linguine
"2018-07-13 17:29:01","pasta all'uovo"
"2018-07-13 17:29:01",fusilli
"2018-07-13 17:29:01","pasta rummo"
"2018-07-13 17:29:01","pasta barilla"
"2018-07-13 17:29:01","spaghetti di riso"
"2018-07-13 17:29:01","de cecco"
"2018-07-13 17:29:01","pasta senza glutine"
"2018-07-13 17:29:01",rummo
"2018-07-13 17:29:01",melanzane
"2018-07-13 17:29:01",nduja
"2018-07-13 17:29:01","funghi porcini"
"2018-07-13 17:29:01",salsiccia
"2018-07-13 17:29:01",pesto
"2018-07-13 17:29:01",vongole
"2018-07-13 17:29:01",ragu
"2018-07-13 17:29:01",bolognese
"2018-07-13 17:29:01","ragu alla bolognese"
"2018-07-13 17:29:01","pomodori secchi"
"2018-07-13 17:29:01","ragu bolognese"
"2018-07-13 17:29:01","funghi champignon"
"2018-07-13 17:29:01",sugo
"2018-07-13 17:29:01",mutti
"2018-07-13 17:29:01","sugo per pasta"
"2018-07-13 17:29:01","sugo amatriciana"
"2018-07-13 17:29:01","sugo di pomodoro"
"2018-07-13 17:29:01",gravy
"2018-07-13 17:29:01","sugo ai funghi"
"2018-07-13 17:29:01","nduja calabrese"
"2018-07-13 17:29:01",biscotti
"2018-07-13 17:29:01","mulino bianco"
"2018-07-13 17:29:01",ferrero
"2018-07-13 17:29:01","muffin al cioccolato"
"2018-07-13 17:29:01",cookies
"2018-07-13 17:29:01",motta
"2018-07-13 17:29:01",buondi
"2018-07-13 17:29:01","pan di stelle"
"2018-07-13 17:29:01",croissant
"2018-07-13 17:29:01","biscotti al cioccolato"
"2018-07-13 17:29:01","biscotti mulino bianco"
"2018-07-13 17:29:01",loacker
"2018-07-13 17:29:01",bauli
"2018-07-13 17:29:01","buondi motta"
"2018-07-13 17:29:01",ringo
"2018-07-13 17:29:01","kinder bueno"
"2018-07-13 17:29:01",snack
"2018-07-13 17:29:01",cornetti
"2018-07-13 17:29:01",galbusera
"2018-07-13 17:29:01","kinder delice"
"2018-07-13 17:29:01",wafer
"2018-07-13 17:29:01","cereali integrali"
"2018-07-13 17:29:01",pavesini
"2018-07-13 17:29:01",merendine
"2018-07-13 17:29:01",merende
"2018-07-13 17:29:01",baiocchi
"2018-07-13 17:29:01",keywords
"2018-07-13 17:29:01",pane
"2018-07-13 17:29:01",farro
"2018-07-13 17:29:01",mais
"2018-07-13 17:29:01",kamut
"2018-07-13 17:29:01",crostini
"2018-07-13 17:29:01",taralli
"2018-07-13 17:29:01",grissini
"2018-07-13 17:29:01","fette biscottate"
"2018-07-13 17:29:01",gallette
"2018-07-13 17:29:01","fette biscottate mulino bianco"
"2018-07-13 17:29:01","crostini buitoni"
"2018-07-13 17:29:01","grissini torinesi"
"2018-07-13 17:29:01","fette biscottate gentilini"
"2018-07-13 17:29:01","grissini integrali"
"2018-07-13 17:29:01",pasta
"2018-07-13 17:29:01",barilla
"2018-07-13 17:29:01",spaghetti
"2018-07-13 17:29:01",glutine
"2018-07-13 17:29:01",tagliatelle
"2018-07-13 17:29:01",ricotta
"2018-07-13 17:29:01",trofie
"2018-07-13 17:29:01","senza glutine"
"2018-07-13 17:29:01",integrale
"2018-07-13 17:29:01",cannolicchi
"2018-07-13 17:29:01","pasta integrale"
"2018-07-13 17:29:01",linguine
"2018-07-13 17:29:01","pasta all'uovo"
"2018-07-13 17:29:01",fusilli
"2018-07-13 17:29:01","pasta rummo"
"2018-07-13 17:29:01","pasta barilla"
"2018-07-13 17:29:01","spaghetti di riso"
"2018-07-13 17:29:01","de cecco"
"2018-07-13 17:29:01","pasta senza glutine"
"2018-07-13 17:29:01",rummo
"2018-07-13 17:29:01",melanzane
"2018-07-13 17:29:01",nduja
"2018-07-13 17:29:01","funghi porcini"
"2018-07-13 17:29:01",salsiccia
"2018-07-13 17:29:01",pesto
"2018-07-13 17:29:01",vongole
"2018-07-13 17:29:01",ragu
"2018-07-13 17:29:01",bolognese
"2018-07-13 17:29:01","ragu alla bolognese"
"2018-07-13 17:29:01","pomodori secchi"
"2018-07-13 17:29:01","ragu bolognese"
"2018-07-13 17:29:01","funghi champignon"
"2018-07-13 17:29:01",sugo
"2018-07-13 17:29:01",mutti
"2018-07-13 17:29:01","sugo per pasta"
"2018-07-13 17:29:01","sugo amatriciana"
"2018-07-13 17:29:01","sugo di pomodoro"
"2018-07-13 17:29:01",gravy
"2018-07-13 17:29:01","sugo ai funghi"
"2018-07-13 17:29:01","nduja calabrese"
"2018-07-13 17:29:01",biscotti
"2018-07-13 17:29:01","mulino bianco"
"2018-07-13 17:29:01",ferrero
"2018-07-13 17:29:01","muffin al cioccolato"
"2018-07-13 17:29:01",cookies
"2018-07-13 17:29:01",motta
"2018-07-13 17:29:01",buondi
"2018-07-13 17:29:01","pan di stelle"
"2018-07-13 17:29:01",croissant
"2018-07-13 17:29:01","biscotti al cioccolato"
"2018-07-13 17:29:01","biscotti mulino bianco"
"2018-07-13 17:29:01",loacker
"2018-07-13 17:29:01",bauli
"2018-07-13 17:29:01","buondi motta"
"2018-07-13 17:29:01",ringo
"2018-07-13 17:29:01","kinder bueno"
"2018-07-13 17:29:01",snack
"2018-07-13 17:29:01",cornetti
"2018-07-13 17:29:01",galbusera
"2018-07-13 17:29:01","kinder delice"
"2018-07-13 17:29:01",wafer
"2018-07-13 17:29:01","cereali integrali"
"2018-07-13 17:29:01",pavesini
"2018-07-13 17:29:01",merendine
"2018-07-13 17:29:01",merende
"2018-07-13 17:29:01",baiocchi
