keywords,locale
pane,IT
farro,IT
mais,IT
kamut,IT
crostini,IT
taralli,IT
grissini,IT
fette biscottate,IT
gallette,IT
fette biscottate mulino bianco,IT
crostini buitoni,IT
grissini torinesi,IT
fette biscottate gentilini,IT
grissini integrali,IT
pasta,IT
barilla,IT
spaghetti,IT
glutine,IT
tagliatelle,IT
ricotta,IT
trofie,IT
senza glutine,IT
integrale,IT
cannolicchi,IT
pasta integrale,IT
linguine,IT
pasta all'uovo,IT
fusilli,IT
pasta rummo,IT
pasta barilla,IT
spaghetti di riso,IT
de cecco,IT
pasta senza glutine,IT
rummo,IT
melanzane,IT
nduja,IT
funghi porcini,IT
salsiccia,IT
pesto,IT
vongole,IT
ragu,IT
bolognese,IT
ragu alla bolognese,IT
pomodori secchi,IT
ragu bolognese,IT
funghi champignon,IT
sugo,IT
mutti,IT
sugo per pasta,IT
sugo amatriciana,IT
sugo di pomodoro,IT
gravy,IT
sugo ai funghi,IT
nduja calabrese,IT
biscotti,IT
mulino bianco,IT
ferrero,IT
muffin al cioccolato,IT
cookies,IT
motta,IT
buondi,IT
pan di stelle,IT
croissant,IT
biscotti al cioccolato,IT
biscotti mulino bianco,IT
loacker,IT
bauli,IT
buondi motta,IT
ringo,IT
kinder bueno,IT
snack,IT
cornetti,IT
galbusera,IT
kinder delice,IT
wafer,IT
cereali integrali,IT
pavesini,IT
merendine,IT
merende,IT
baiocchi,IT
