keyword,locale
capsule caffè,IT
caffè lavazza,IT
caffè macinato,IT
lavazza,IT
caffè in grani,IT
caffè,IT
caffè espresso,IT
cialde lavazza,IT
capsule caffè italy,IT
espresso,IT
nespresso,IT
cialde nespresso,IT
nespresso capsule,IT
a modo mio,IT
lavazza a modo mio,IT
capsule a modo mio,IT
capsule lavazza a modo mio,IT
cialde lavazza a modo mio,IT
cialde,IT
capsule espresso,IT
caffè nespresso,IT
capsule compatibili nespresso,IT
cialde compatibili nespresso,IT
capsule compatibili lavazza a modo mio,IT
caffè borbone,IT
caffè cialde,IT
cialde borbone,IT
cialde caffè,IT
cialde caffè borbone,IT
capsule caffè borbone,IT
Bertolli,IT
monini,IT
olio d oliva extravergine,IT
olio extravergine,IT
olio extravergine d'oliva,IT
olio extravergine di oliva,IT
olio extravergine di oliva italiano,IT
Olio monini,IT
olio oliva,IT
